id;livreur;remarques;date_livraison;user_modif;date_modif;projet_id
1;tan;quantify capacity;2020-05-11;New Hampshire calculating transparent;2020-05-11;1
2;Sausages supply-chains quantifying;array Trace;2020-05-11;Metal deposit;2020-05-11;2
3;Tasty neural Tunisia;Borders;2020-05-11;sensor;2020-05-11;3
4;Australian Dollar platforms Illinois;Games secured line;2020-05-11;Licensed Concrete Keyboard;2020-05-11;4
5;Cross-group Liberian Dollar;Investor PCI Usability;2020-05-11;Handmade deposit JSON;2020-05-11;5
6;synergize;moderator generating Investment Account;2020-05-11;Supervisor;2020-05-11;6
7;Applications;Colorado Illinois transmitting;2020-05-11;Incredible Metal Towels gold Bedfordshire;2020-05-11;7
8;Solutions;intuitive Investor Cambridgeshire;2020-05-11;schemas invoice Security;2020-05-11;8
9;attitude-oriented upward-trending SMTP;bottom-line;2020-05-11;4th generation Cotton;2020-05-11;9
10;Electronics Electronics Florida;bandwidth Arizona override;2020-05-11;web-readiness;2020-05-11;10
