id;titre;type;path;commentaire;user_modif;date_modif
1;invoice infomediaries;target Fantastic Universal;Mountain;viral hacking parse;neural El Salvador Colon US Dollar;2020-05-11T15:25:07
2;generate Chicken;Implementation;Auto Loan Account optical Chicken;grey;pricing structure;2020-05-11T21:20:35
3;Rwanda Down-sized fault-tolerant;Chicken;CSS white orchid;AGP Cambridgeshire payment;Berkshire Credit Card Account Operations;2020-05-11T09:48:11
4;Cheese;Executive;back up;adapter bi-directional;Response Games Generic Fresh Cheese;2020-05-11T07:08:31
5;Uzbekistan turn-key;SSL Home Loan Account;Pataca;array microchip;Gorgeous Soft Tuna Beauty;2020-05-11T06:16:08
6;back up;COM indigo;Customer;Checking Account Chief;payment Checking Account;2020-05-11T23:33:20
7;benchmark;Savings Account mesh;initiative;Engineer Product hacking;purple sky blue;2020-05-11T14:21:05
8;Berkshire Tugrik;Awesome Concrete Bike;Fantastic calculate Persevering;withdrawal;Senior Concrete internet solution;2020-05-11T20:13:11
9;Checking Account Fords;payment;JSON;green Accounts;XSS;2020-05-12T00:00:17
10;Arkansas;encryption Port;Universal;Investment Account Inverse Identity;Tools Soft grid-enabled;2020-05-11T09:26:36
