id;entite_juridique;nom_commercial;adresse;capital;direction;activite;telephone;email;user_modif;date_modif
1;Iceland Krona matrix Sao Tome and Principe;Avon;Wooden;Consultant;payment Tuna;Generic monitoring Shirt;173.267.5162 x70135;Jerald_Gislason@gmail.com;Iranian Rial;2020-05-11
2;expedite;East Caribbean Dollar Analyst Personal Loan Account;payment Planner;Games;Operations;Dalasi;807.382.8167 x76786;Alexandrine_Cole@yahoo.com;frictionless Handcrafted Concrete Tuna;2020-05-11
3;Barbados drive Quality;Russian Federation Gorgeous Steel Car Savings Account;Intelligent back-end;Manager New Israeli Sheqel Heights;Fantastic Soft Gloves cutting-edge;fuchsia;681-908-7387 x104;Ahmad.Marks@yahoo.com;orange EXE;2020-05-11
4;knowledge user Netherlands Antillian Guilder violet;Licensed Plastic Soap New Zealand;Business-focused;Borders Movies;programming;deposit Senior;(633) 647-5540;Trenton63@yahoo.com;radical Down-sized synthesize;2020-05-11
5;Nicaragua SAS;Generic Plastic Shoes matrices;Generic Cotton Shoes Cambridgeshire Steel;enhance driver;European Unit of Account 17(E.U.A.-17);Practical;1-183-874-7375;Jana.Bruen@hotmail.com;Barbados Virginia bandwidth;2020-05-11
6;Senior withdrawal;grow;Avon Unbranded;withdrawal Home Loan Account;Intelligent Steel Shirt Sausages;Data challenge Home Loan Account;(863) 844-3859;Jesus47@hotmail.com;robust Mouse Internal;2020-05-11
7;synergies;International Home;Ergonomic models;Village teal;Avon Frozen Granite;Frozen Home Loan Account Avon;1-657-164-5466 x779;Guadalupe_Kautzer45@hotmail.com;5th generation Unbranded;2020-05-11
8;azure Chicken;Chicken;Incredible;navigating;action-items Metal;cross-platform Money Market Account;178-223-4968;Kathryn.Kozey@yahoo.com;system IB;2020-05-11
9;Paradigm;infomediaries;Home Loan Account;Optimized Mountains Interactions;applications capability Bedfordshire;Granite Gorgeous;797.505.3333;Jewel53@hotmail.com;3rd generation orchid;2020-05-11
10;synthesizing;Mall Gloves 4th generation;Avon matrix RSS;empower Point;Refined Soft Sausages solutions;seize Hong Kong;418.631.2981 x598;Dorothea_Kuphal43@hotmail.com;Internal;2020-05-11
