id;nom_commercial;type;fax;nom;prenom;email;tel;adresse;description;user_modif;date_modif
1;Nakfa Usability back-end;magenta quantifying convergence;Investment Account;pricing structure transition didactic;global;Aubree_Auer97@hotmail.com;seamless transmitter synthesize;Home Engineer;Reverse-engineered hack;mindshare Infrastructure;2020-05-11
2;Checking Account mission-critical Liaison;help-desk Rhode Island;Rustic;firewall Investor Health;Branding Dynamic;Anais.Weissnat@gmail.com;extensible;compelling;orchestrate Integration Engineer;Ergonomic Kids;2020-05-11
3;panel technologies blue;Tuna Polarised Home;Tunnel;payment sky blue Electronics;Group Shirt;Candice.Langworth23@yahoo.com;Maine rich Incredible;morph;Agent impactful Incredible;open-source;2020-05-12
4;functionalities Customizable;granular Granite;USB Gorgeous Granite Shirt;best-of-breed Health;withdrawal;Bella.Marvin@yahoo.com;Berkshire;Ergonomic Steel Fish action-items;New Mexico Personal Loan Account;invoice synthesize;2020-05-11
5;partnerships;Yemeni Rial;Licensed Kids parsing;backing up bricks-and-clicks;connecting Bangladesh Liberia;Isidro.Jaskolski36@gmail.com;Soft;Fresh optical instruction set;repurpose harness grow;Licensed Cotton Ball disintermediate invoice;2020-05-11
6;redundant;system engine;Assurance capacitor withdrawal;magenta Cheese;full-range;Lucinda.Bradtke@gmail.com;hacking Granite Auto Loan Account;leading-edge;Consultant Common generate;withdrawal digital;2020-05-11
7;modular;pink copy;Integration;zero administration Cape Verde;Home Loan Account;Jo67@yahoo.com;invoice;compress Intelligent Steel Bacon;Kenyan Shilling Handmade Concrete Car web-enabled;exploit;2020-05-11
8;National backing up Home Loan Account;Northern Mariana Islands transform Tennessee;facilitate;FTP Licensed;Keys Checking Account Ergonomic Cotton Hat;Kamille.Collins@gmail.com;knowledge user;back up port cross-platform;Canyon;Mill XML;2020-05-11
9;Rubber;hack Health Technician;International Shoes;withdrawal Home Loan Account;copy;Mozell.Mills@gmail.com;Oklahoma olive Plain;Tunnel Handmade deposit;client-server Handmade;firewall;2020-05-11
10;Park Portugal Burundi Franc;Technician customer loyalty strategy;Taka plug-and-play Minnesota;silver;Cuban Peso Peso Convertible;Hildegard_Rice73@gmail.com;Wooden Rand Loti Rustic Metal Cheese;Uganda Shilling Investment Account;Enterprise-wide;SCSI;2020-05-11
