id;titre;path;user_modif;date_modif
1;Cambridgeshire Interactions;Clothing Singapore Dollar indexing;Ball utilisation Idaho;2020-05-11
2;disintermediate Supervisor Harbors;dot-com;Outdoors Legacy Credit Card Account;2020-05-11
3;Lake Liaison Steel;open-source HDD;Alaska Clothing Pre-emptive;2020-05-11
4;interface hack;Producer;Borders XSS port;2020-05-11
5;empower Metrics communities;West Virginia Gourde US Dollar synergize;RSS Solomon Islands program;2020-05-11
6;Falkland Islands Pound;Cotton;Ireland Optimization;2020-05-11
7;Oman;Ergonomic;Money Market Account optimize connecting;2020-05-11
8;Handmade;invoice deposit;Director;2020-05-11
9;protocol zero administration;index;Handmade New Leu parsing;2020-05-11
10;Universal;magnetic matrix;Cheese Savings Account;2020-05-11
