id;libelle;matricule;modele;num_carte_grise;date_identification;compteur_achat;etat;location;description;user_modif;date_modif
1;Licensed Via Senior;Specialist mesh Forint;Graphic Interface;project Turnpike port;2020-05-11;e-tailers Refined Fresh Mouse Greens;Kenyan Shilling Corner;true;Salad;facilitate Credit Card Account;2020-05-11
2;Harbor Frozen;North Korean Won Maryland Identity;didactic Markets Rand;architecture Supervisor;2020-05-11;navigating Tasty Soft Computer;viral;false;Maryland instruction set synthesizing;invoice sticky;2020-05-11
3;B2B synthesizing;Cambridgeshire index;overriding magnetic;Berkshire;2020-05-11;Producer payment;payment Facilitator port;true;Fantastic generate;invoice synergize IB;2020-05-11
4;Specialist Indonesia Human;Borders back-end;Technician Representative transmit;Synergistic;2020-05-11;Product web-readiness;turquoise Intelligent Plastic Towels indexing;true;Director global;Marketing disintermediate;2020-05-11
5;Intelligent Hat;sky blue global;Keyboard card;Gorgeous withdrawal collaborative;2020-05-11;bricks-and-clicks Monaco;benchmark Refined;false;Rubber Buckinghamshire Regional;Avon Human;2020-05-11
6;lavender Home Loan Account;Avon withdrawal Somalia;Research;Handcrafted Wooden Pizza;2020-05-11;Arkansas;Rubber Metrics viral;true;Central;Buckinghamshire functionalities rich;2020-05-11
7;protocol Fresh Rupiah;override ubiquitous;Auto Loan Account withdrawal Shoes;generate Proactive;2020-05-11;functionalities user-centric;Directives;true;Wooden;Dynamic generate;2020-05-11
8;Awesome Granite Shirt;Avon;Montserrat mobile;Direct;2020-05-11;impactful West Virginia International;disintermediate indexing Saint Lucia;false;Virginia;Shoes Concrete web services;2020-05-11
9;Money Market Account Markets;neural coherent;Tasty Rubber Computer enterprise Digitized;Accountability Keyboard Data;2020-05-11;Home Loan Account Savings Account;white Cambridgeshire markets;true;withdrawal Human Extended;Center Manager;2020-05-11
10;SMTP homogeneous transmit;systems infomediaries Bedfordshire;Car;Norway Regional;2020-05-11;Gorgeous impactful;Checking Account;false;Islands payment;Assistant cyan Regional;2020-05-11
