id;reference;libelle;description;date_debut;date_fin;nbr_employe;budget;adresse;ville;pays;user_modif;date_modif
1;Technician;SSL New Mexico program;Investment Account Delaware;2020-05-11;2020-05-11;Turkish Lira Coordinator;withdrawal systems;mobile vortals;withdrawal;customized Auto Loan Account;orchestration harness;2020-05-11
2;hierarchy Buckinghamshire;Optimized data-warehouse schemas;Croatia Bedfordshire;2020-05-12;2020-05-11;Re-engineered granular United Kingdom;green Outdoors;deposit fault-tolerant Garden;Electronics;SQL;Consultant Industrial PNG;2020-05-11
3;Operations Forward;value-added;Focused parse web-enabled;2020-05-11;2020-05-11;Senior Cotton;Refined channels;Home Loan Account utilize SAS;Bedfordshire;Fundamental calculating;Lead;2020-05-11
4;solutions;Clothing;South Dakota Niger Alabama;2020-05-11;2020-05-11;Executive Lempira real-time;mint green Chips 24/7;Music Up-sized;navigating;optical Soap;Money Market Account;2020-05-11
5;Dynamic Granite;Investment Account Incredible Versatile;Director action-items;2020-05-11;2020-05-11;Handcrafted bandwidth-monitored Keyboard;Utah;Legacy content matrix;local area network;optimize Hat;Uzbekistan Sum Checking Account Chicken;2020-05-11
6;Chips Georgia Monitored;sensor Ergonomic Singapore;Chips;2020-05-11;2020-05-11;CSS Solomon Islands stable;Movies;Land;monetize XSS Small Rubber Sausages;revolutionize;indexing;2020-05-11
7;Bacon North Dakota Plastic;Incredible Suriname;mobile Centers;2020-05-11;2020-05-11;multi-byte connect matrix;Cross-group;lime Refined Fresh Fish;Cotton solid state;Agent Buckinghamshire;capacitor;2020-05-11
8;Gibraltar Tennessee;Jewelery;visualize Chicken Concrete;2020-05-11;2020-05-11;Handmade Universal;South Carolina JSON Tools;Beauty Persistent Frozen;Estates San Marino Licensed;Chicken;enterprise;2020-05-11
9;Port Pants;Forward Technician Money Market Account;utilisation;2020-05-11;2020-05-11;connect Global;Rustic virtual e-business;neutral Suriname;Fundamental enhance Uganda Shilling;connecting bus;Intelligent Fresh Chicken zero defect;2020-05-11
10;Engineer system;next-generation user-facing;neural Indiana Savings Account;2020-05-11;2020-05-11;THX open-source Refined Plastic Tuna;hacking;architectures Ports;Gloves Libyan Arab Jamahiriya Malta;Isle;indigo Zimbabwe;2020-05-11
