id;reference;date_transfert;commentaire;user_modif;date_modif
1;strategize enterprise;2020-05-11;Exclusive Walk;Fantastic North Carolina;2020-05-11
2;Louisiana;2020-05-11;Manat motivating;Beauty Sleek;2020-05-11
3;Home Mandatory solution;2020-05-11;Cambridgeshire;Corporate Islands Salad;2020-05-11
4;input Salad;2020-05-11;Direct 24/7 Small Soft Gloves;optimize;2020-05-11
5;Borders enhance workforce;2020-05-11;Designer bypassing synthesize;back up;2020-05-11
6;Architect;2020-05-11;infrastructure;Tennessee solid state;2020-05-11
7;3rd generation optimizing;2020-05-11;Soft;Manager;2020-05-11
8;1080p logistical Money Market Account;2020-05-11;withdrawal;system-worthy Movies;2020-05-12
9;strategic;2020-05-11;Hat killer Iowa;Turkey mobile uniform;2020-05-11
10;Coordinator infomediaries Chips;2020-05-11;invoice;interface Investment Account;2020-05-11
