Id,Date Livraison,type,Date Creation,commentaire
1,invoice infomediaries,target Fantastic Universal,Mountain,viral hacking parse
2,generate Chicken,Implementation,Auto Loan Account optical Chicken,grey
3,Rwanda Down-sized fault-tolerant,Chicken,CSS white orchid,AGP Cambridgeshire payment
4,Cheese,Executive,back up,adapter bi-directional
5,Uzbekistan turn-key,SSL Home Loan Account,Pataca,array microchip
6,back up,COM indigo,Customer,Checking Account Chief
7,benchmark,Savings Account mesh,initiative,Engineer Product hacking
8,Berkshire Tugrik,Awesome Concrete Bike,Fantastic calculate Persevering,withdrawal
9,Checking Account Fords,payment,JSON,green Accounts
10,Arkansas,encryption Port,Universal,Investment Account Inverse Identity
