id,datePaiement,nbrJourTravail,montantPay,nbrHeurSup,dateDebut,dateFin,remarques
1,2020-05-11,Savings Account Colombia Unbranded Fresh Soap,THX benchmark bypass,Buckinghamshire Mauritius,2020-05-11,2020-05-11,Practical Soft Table
2,2020-05-11,Small Wooden Soap,Computers neural,firewall,2020-05-11,2020-05-11,Executive input Mall
3,2020-05-11,architecture Mall Corners,Soft indexing payment,Object-based,2020-05-11,2020-05-11,Gorgeous Granite Mouse
4,2020-05-11,Buckinghamshire Supervisor visualize,Ball,action-items,2020-05-11,2020-05-11,Clothing
5,2020-05-11,invoice projection Buckinghamshire,front-end Legacy,virtual Plastic,2020-05-11,2020-05-11,salmon turquoise invoice
6,2020-05-11,Keyboard PCI cyan,navigate methodologies,Personal Loan Account,2020-05-11,2020-05-11,Orchestrator
7,2020-05-11,multi-byte Credit Card Account,customized digital Alabama,Fantastic,2020-05-11,2020-05-11,Factors salmon Bedfordshire
8,2020-05-11,Buckinghamshire,turquoise,Mouse Savings Account Director,2020-05-11,2020-05-11,Qatar multi-byte
9,2020-05-11,Bahamian Dollar Kids,cutting-edge compressing,Sharable Generic Concrete Pants Views,2020-05-11,2020-05-11,Chief
10,2020-05-11,Spring Devolved Division,invoice,Phased,2020-05-11,2020-05-11,Personal Loan Account Bedfordshire
