id,reference,dateVisite,remarque
1,fuchsia,2020-05-11,array
2,Pants parse,2020-05-11,Bouvet Island (Bouvetoya) Sausages
3,black Shoes Trinidad and Tobago Dollar,2020-05-11,Borders
4,Garden connect,2020-05-11,Beauty panel
5,deposit bypassing,2020-05-11,Toys Customer Money Market Account
6,Books copying calculating,2020-05-11,redundant
7,program reintermediate Berkshire,2020-05-11,Steel PNG
8,Applications invoice,2020-05-11,Roads
9,programming,2020-05-11,XSS Metal
10,concept Brand,2020-05-11,SMS Cambridgeshire Cheese
